image,caption
img (0).png,a demonic demon with two large swords
img (1).png,"a knight in purple, black and white with an elaborate helmet on his head"
img (2).png,a warrior with a sword in hand
img (3).png,an ancient lady holding two swords
img (4).png,the faceless king holding a sword
img (5).png,a woman with an orange and red headdre
img (6).png,an angry man in armor and a beard
img (7).png,"the legendary - legends, including a green and black character"
img (8).png,an old man in the middle ages of asia
img (9).png,an animal in a costume and headphones
img (10).png,an image of a samurai with a sword
img (11).png,a ninja with two swords and some kind of feathers
img (12).png,an old man with a sword and feathered hat
img (13).png,some kind of warrior character i'm
img (14).png,the protagonist in league league league league league league league league league league league league league league league
img (15).png,"the monster with several arms, arms and claws"
img (16).png,the final protagonist from dragon quest
img (17).png,some different character from dragon slayer
img (18).png,an anime character with her hair tied up
img (19).png,a woman wearing black clothing and carrying a large golden ball
img (20).png,a woman in costume with an open hood
img (21).png,"a girl with long hair, dressed in an ornate dress"
img (22).png,a man in armor holding two swords
img (23).png,two men in armor with spears and swords
img (24).png,an armored warrior holding two swords
img (25).png,"a man with a sword, shield and a helmet"
img (26).png,the arm bones in the form of a claw with claws
img (27).png,an armored knight in armor and weapons
img (28).png,"an armor with a large, hairy torso"
img (29).png,an alligator in full body armor
img (30).png,the spinal in an image of a man's neck and arms
img (31).png,a human structure that is labeled in purple and yellow
img (32).png,the muscles in an anatomy image
img (33).png,the layers of the human body
img (34).png,a woman in white and blue with two swords
img (35).png,a skeleton with sword and armor
img (36).png,an anime with some very wings
img (37).png,the emperor on a dark background
img (38).png,a guy holding three knives and a stick
img (39).png,a person wearing a monkey outfit holding food
img (40).png,an ancient deity in the desert
img (41).png,a man dressed in a native costume holding a red fire
img (42).png,two samurais in different poses with their weapons
img (43).png,a girl in a purple dress with a dagger and two swords
img (44).png,two men dressed in medieval costumes
img (45).png,an asian warrior holding two swords
img (46).png,the dragon with its tail extended
img (47).png,a dragon with long legs and tail and legs on it's chest
img (48).png,the dragon and his staffs
img (49).png,a man holding an axe and bat
img (50).png,an orange skinned man in a brown and blue outfit
img (51).png,a demon dressed in blue and holding a sword
img (52).png,the man in an orange suit with blue eyes and orange pants holding two swords
img (53).png,"an image of a demon, with some of the arms outstretched"
img (54).png,"an orange - headed knight, dressed in armour"
img (55).png,"two people in colorful outfits, one holding a torch and the other standing around"
img (56).png,some cartoon characters with different armors
img (57).png,the character in one of his three games
img (58).png,a woman warrior with two swords
img (59).png,a person holding a sword and an object
img (60).png,an army soldier in purple armor
img (61).png,a man with an ax and axe
img (62).png,an old man holding a broom
img (63).png,an ancient bird god or mythological male character
img (64).png,an angel holding a spear with one hand on his hips
img (65).png,an african man in a blue costume holding a broom
img (66).png,a ninja with a sword in his hand
img (67).png,the character of a knight in an armor
img (68).png,a man in armor with his arm around the body
img (69).png,a man in armor with a sword
img (70).png,a woman in armor with swords
img (71).png,a man in a costume with red hair and wearing a headband
img (72).png,a man dressed as a viking
img (73).png,a medieval knight standing and looking back
img (74).png,a woman holding a loaf in her hands
img (75).png,the character from one of my favorite tv series's
img (76).png,an old woman with bread in her hand
img (77).png,"a woman wearing a dress, holding two breads in her hands"
img (78).png,a young woman with two different colored hair
img (79).png,an indian woman with a sword
img (80).png,an old - school ninja with a sword and a sword in his hand
img (81).png,an evil warrior with sword and armor
img (82).png,a man holding flowers and candles
img (83).png,an elf holding two bottles of drinks
img (84).png,the king and his crown in the style of heliom
img (85).png,a man holding a tray of chocolate
img (86).png,"an old computer character, with two cats"
img (87).png,an animated cat with its tail spread and a man holding a pumpkin next to it
img (88).png,a man and his dog in a dark background
img (89).png,"two dogs in different poses, one has a cat and the other is an dog"
img (90).png,an elf holding a spear and a green tree
img (91).png,the king in front of a black background
img (92).png,a person with a spear and hat
img (93).png,the dragon in a dark background
img (94).png,a character in a knight outfit
img (95).png,an adult male in purple with black hair and blue eyes holding two small swords
